fact_id,kg_exact,kg_sp_count,kg_po_count
http://swc2017.aksw.org/task2/dataset/3203751,0,1,470
http://swc2017.aksw.org/task2/dataset/3204695,0,0,357
http://swc2017.aksw.org/task2/dataset/3204794,0,0,0
http://swc2017.aksw.org/task2/dataset/3205550,0,1,443
http://swc2017.aksw.org/task2/dataset/3205585,0,1,443
http://swc2017.aksw.org/task2/dataset/3210127,0,0,282
http://swc2017.aksw.org/task2/dataset/3210146,0,1,553
http://swc2017.aksw.org/task2/dataset/3210287,0,1,178
http://swc2017.aksw.org/task2/dataset/3210426,0,0,517
http://swc2017.aksw.org/task2/dataset/3210709,0,0,565
http://swc2017.aksw.org/task2/dataset/3210826,0,1,397
http://swc2017.aksw.org/task2/dataset/3211212,0,0,263
http://swc2017.aksw.org/task2/dataset/3211646,0,0,467
http://swc2017.aksw.org/task2/dataset/3211901,0,1,4
http://swc2017.aksw.org/task2/dataset/3212050,0,0,357
http://swc2017.aksw.org/task2/dataset/3212177,0,0,397
http://swc2017.aksw.org/task2/dataset/3212195,0,0,499
http://swc2017.aksw.org/task2/dataset/3212203,0,1,613
http://swc2017.aksw.org/task2/dataset/3212622,0,1,189
http://swc2017.aksw.org/task2/dataset/3212717,0,0,470
http://swc2017.aksw.org/task2/dataset/3212726,0,0,189
http://swc2017.aksw.org/task2/dataset/3212902,1,1,329
http://swc2017.aksw.org/task2/dataset/3213073,0,0,329
http://swc2017.aksw.org/task2/dataset/3213081,0,0,329
http://swc2017.aksw.org/task2/dataset/3213143,0,0,397
http://swc2017.aksw.org/task2/dataset/3213194,0,0,439
http://swc2017.aksw.org/task2/dataset/3213978,0,1,613
http://swc2017.aksw.org/task2/dataset/3214012,0,0,4
http://swc2017.aksw.org/task2/dataset/3214221,0,1,499
http://swc2017.aksw.org/task2/dataset/3214356,0,0,0
http://swc2017.aksw.org/task2/dataset/3214422,0,0,443
http://swc2017.aksw.org/task2/dataset/3214569,0,0,0
http://swc2017.aksw.org/task2/dataset/3214933,0,0,470
http://swc2017.aksw.org/task2/dataset/3215136,0,0,565
http://swc2017.aksw.org/task2/dataset/3215358,0,0,485
http://swc2017.aksw.org/task2/dataset/3215488,0,0,482
http://swc2017.aksw.org/task2/dataset/3216094,0,0,155
http://swc2017.aksw.org/task2/dataset/3216376,0,0,288
http://swc2017.aksw.org/task2/dataset/3216513,0,0,242
http://swc2017.aksw.org/task2/dataset/3216614,0,1,327
http://swc2017.aksw.org/task2/dataset/3216843,0,0,473
http://swc2017.aksw.org/task2/dataset/3216872,0,1,273
http://swc2017.aksw.org/task2/dataset/3217089,0,1,0
http://swc2017.aksw.org/task2/dataset/3217830,0,0,364
http://swc2017.aksw.org/task2/dataset/3218245,0,0,443
http://swc2017.aksw.org/task2/dataset/3218641,0,0,0
http://swc2017.aksw.org/task2/dataset/3219000,0,0,290
http://swc2017.aksw.org/task2/dataset/3219340,0,1,0
http://swc2017.aksw.org/task2/dataset/3220157,0,0,443
http://swc2017.aksw.org/task2/dataset/3220315,0,1,89
http://swc2017.aksw.org/task2/dataset/3220473,1,1,506
http://swc2017.aksw.org/task2/dataset/3220634,0,0,189
http://swc2017.aksw.org/task2/dataset/3220723,0,0,8
http://swc2017.aksw.org/task2/dataset/3220896,0,0,553
http://swc2017.aksw.org/task2/dataset/3220965,0,0,443
http://swc2017.aksw.org/task2/dataset/3221242,0,0,470
http://swc2017.aksw.org/task2/dataset/3221316,0,0,544
http://swc2017.aksw.org/task2/dataset/3221317,0,1,443
http://swc2017.aksw.org/task2/dataset/3222198,0,0,470
http://swc2017.aksw.org/task2/dataset/3223766,0,0,506
http://swc2017.aksw.org/task2/dataset/3224348,0,0,0
http://swc2017.aksw.org/task2/dataset/3225165,0,1,482
http://swc2017.aksw.org/task2/dataset/3225305,0,0,439
http://swc2017.aksw.org/task2/dataset/3226691,0,0,470
http://swc2017.aksw.org/task2/dataset/3227333,0,1,592
http://swc2017.aksw.org/task2/dataset/3227374,0,0,485
http://swc2017.aksw.org/task2/dataset/3229734,0,1,499
http://swc2017.aksw.org/task2/dataset/3231536,0,0,0
http://swc2017.aksw.org/task2/dataset/3231697,0,1,439
http://swc2017.aksw.org/task2/dataset/3231935,0,0,282
http://swc2017.aksw.org/task2/dataset/3234415,0,1,485
http://swc2017.aksw.org/task2/dataset/3234828,0,0,613
http://swc2017.aksw.org/task2/dataset/3234842,0,0,470
http://swc2017.aksw.org/task2/dataset/3236962,0,0,364
http://swc2017.aksw.org/task2/dataset/3237070,0,0,499
http://swc2017.aksw.org/task2/dataset/3238061,0,1,467
http://swc2017.aksw.org/task2/dataset/3238547,0,1,0
http://swc2017.aksw.org/task2/dataset/3238680,0,0,327
http://swc2017.aksw.org/task2/dataset/3238810,0,0,473
http://swc2017.aksw.org/task2/dataset/3239035,0,0,497
http://swc2017.aksw.org/task2/dataset/3239270,0,0,499
http://swc2017.aksw.org/task2/dataset/3239911,0,0,565
http://swc2017.aksw.org/task2/dataset/3240768,0,0,480
http://swc2017.aksw.org/task2/dataset/3241038,0,0,189
http://swc2017.aksw.org/task2/dataset/3241167,0,0,485
http://swc2017.aksw.org/task2/dataset/3241601,0,0,0
http://swc2017.aksw.org/task2/dataset/3243613,0,1,517
http://swc2017.aksw.org/task2/dataset/3243743,0,0,645
http://swc2017.aksw.org/task2/dataset/3244716,0,1,89
http://swc2017.aksw.org/task2/dataset/3244930,0,0,497
http://swc2017.aksw.org/task2/dataset/3245078,0,1,506
http://swc2017.aksw.org/task2/dataset/3245364,0,0,0
http://swc2017.aksw.org/task2/dataset/3245646,0,0,0
http://swc2017.aksw.org/task2/dataset/3249383,0,1,182
http://swc2017.aksw.org/task2/dataset/3250712,0,0,189
http://swc2017.aksw.org/task2/dataset/3250835,0,0,613
http://swc2017.aksw.org/task2/dataset/3251076,0,0,0
http://swc2017.aksw.org/task2/dataset/3253483,0,0,480
http://swc2017.aksw.org/task2/dataset/3256256,1,1,482
http://swc2017.aksw.org/task2/dataset/3257109,0,0,467
http://swc2017.aksw.org/task2/dataset/3257145,0,0,443
http://swc2017.aksw.org/task2/dataset/3257187,0,0,565
http://swc2017.aksw.org/task2/dataset/3257194,0,1,613
http://swc2017.aksw.org/task2/dataset/3257797,1,1,52
http://swc2017.aksw.org/task2/dataset/3257883,0,0,613
http://swc2017.aksw.org/task2/dataset/3258595,1,1,189
http://swc2017.aksw.org/task2/dataset/3259403,0,0,290
http://swc2017.aksw.org/task2/dataset/3259671,0,0,282
http://swc2017.aksw.org/task2/dataset/3260703,0,0,645
http://swc2017.aksw.org/task2/dataset/3262641,0,0,357
http://swc2017.aksw.org/task2/dataset/3263998,0,0,189
http://swc2017.aksw.org/task2/dataset/3265480,0,1,565
http://swc2017.aksw.org/task2/dataset/3266543,0,1,443
http://swc2017.aksw.org/task2/dataset/3266599,0,1,397
http://swc2017.aksw.org/task2/dataset/3268494,0,0,645
http://swc2017.aksw.org/task2/dataset/3269891,0,1,234
http://swc2017.aksw.org/task2/dataset/3270479,0,0,613
http://swc2017.aksw.org/task2/dataset/3270831,0,0,470
http://swc2017.aksw.org/task2/dataset/3271056,0,0,0
http://swc2017.aksw.org/task2/dataset/3271326,0,0,443
http://swc2017.aksw.org/task2/dataset/3272238,0,1,364
http://swc2017.aksw.org/task2/dataset/3275018,0,1,246
http://swc2017.aksw.org/task2/dataset/3275745,0,0,473
http://swc2017.aksw.org/task2/dataset/3275768,0,0,499
http://swc2017.aksw.org/task2/dataset/3275809,0,1,467
http://swc2017.aksw.org/task2/dataset/3277627,0,0,497
http://swc2017.aksw.org/task2/dataset/3278276,0,0,443
http://swc2017.aksw.org/task2/dataset/3281322,0,1,499
http://swc2017.aksw.org/task2/dataset/3281820,0,0,473
http://swc2017.aksw.org/task2/dataset/3281835,0,1,544
http://swc2017.aksw.org/task2/dataset/3282167,0,1,506
http://swc2017.aksw.org/task2/dataset/3282975,0,0,439
http://swc2017.aksw.org/task2/dataset/3283307,0,1,482
http://swc2017.aksw.org/task2/dataset/3284273,0,1,397
http://swc2017.aksw.org/task2/dataset/3284801,0,0,553
http://swc2017.aksw.org/task2/dataset/3286124,0,1,553
http://swc2017.aksw.org/task2/dataset/3286151,0,0,282
http://swc2017.aksw.org/task2/dataset/3290029,0,0,467
http://swc2017.aksw.org/task2/dataset/3290202,0,0,443
http://swc2017.aksw.org/task2/dataset/3290380,0,0,329
http://swc2017.aksw.org/task2/dataset/3293053,0,0,645
http://swc2017.aksw.org/task2/dataset/3294145,0,0,346
http://swc2017.aksw.org/task2/dataset/3295194,0,1,346
http://swc2017.aksw.org/task2/dataset/3296557,0,0,506
http://swc2017.aksw.org/task2/dataset/3298535,1,1,517
http://swc2017.aksw.org/task2/dataset/3299186,0,0,645
http://swc2017.aksw.org/task2/dataset/3300467,0,0,31
http://swc2017.aksw.org/task2/dataset/3302152,0,0,169
http://swc2017.aksw.org/task2/dataset/3304534,0,7,31
http://swc2017.aksw.org/task2/dataset/3304928,0,0,51
http://swc2017.aksw.org/task2/dataset/3307350,0,0,31
http://swc2017.aksw.org/task2/dataset/3307475,1,2,31
http://swc2017.aksw.org/task2/dataset/3310180,0,0,31
http://swc2017.aksw.org/task2/dataset/3310193,0,0,196
http://swc2017.aksw.org/task2/dataset/3310343,0,0,0
http://swc2017.aksw.org/task2/dataset/3311093,0,0,31
http://swc2017.aksw.org/task2/dataset/3311184,0,0,169
http://swc2017.aksw.org/task2/dataset/3311256,0,0,31
http://swc2017.aksw.org/task2/dataset/3311730,0,1,31
http://swc2017.aksw.org/task2/dataset/3311983,0,0,12
http://swc2017.aksw.org/task2/dataset/3312187,0,0,31
http://swc2017.aksw.org/task2/dataset/3312444,0,16,31
http://swc2017.aksw.org/task2/dataset/3312772,0,0,31
http://swc2017.aksw.org/task2/dataset/3312774,1,5,169
http://swc2017.aksw.org/task2/dataset/3313172,1,7,31
http://swc2017.aksw.org/task2/dataset/3313415,1,3,42
http://swc2017.aksw.org/task2/dataset/3313570,0,4,169
http://swc2017.aksw.org/task2/dataset/3313582,0,0,31
http://swc2017.aksw.org/task2/dataset/3313700,1,4,31
http://swc2017.aksw.org/task2/dataset/3313706,0,0,31
http://swc2017.aksw.org/task2/dataset/3313868,0,0,169
http://swc2017.aksw.org/task2/dataset/3314101,0,0,169
http://swc2017.aksw.org/task2/dataset/3314159,0,4,31
http://swc2017.aksw.org/task2/dataset/3314297,0,1,63
http://swc2017.aksw.org/task2/dataset/3314652,0,0,31
http://swc2017.aksw.org/task2/dataset/3314695,0,4,31
http://swc2017.aksw.org/task2/dataset/3314696,0,4,169
http://swc2017.aksw.org/task2/dataset/3314990,0,0,0
http://swc2017.aksw.org/task2/dataset/3315556,0,0,169
http://swc2017.aksw.org/task2/dataset/3315867,0,0,31
http://swc2017.aksw.org/task2/dataset/3316080,0,0,31
http://swc2017.aksw.org/task2/dataset/3316285,0,3,31
http://swc2017.aksw.org/task2/dataset/3316314,0,0,31
http://swc2017.aksw.org/task2/dataset/3316389,0,0,61
http://swc2017.aksw.org/task2/dataset/3316595,1,3,169
http://swc2017.aksw.org/task2/dataset/3316845,0,0,169
http://swc2017.aksw.org/task2/dataset/3316942,0,0,156
http://swc2017.aksw.org/task2/dataset/3316968,0,0,31
http://swc2017.aksw.org/task2/dataset/3317321,0,0,31
http://swc2017.aksw.org/task2/dataset/3317982,0,0,0
http://swc2017.aksw.org/task2/dataset/3318117,1,1,31
http://swc2017.aksw.org/task2/dataset/3318131,0,0,31
http://swc2017.aksw.org/task2/dataset/3318526,0,0,31
http://swc2017.aksw.org/task2/dataset/3318617,0,0,31
http://swc2017.aksw.org/task2/dataset/3318625,0,0,169
http://swc2017.aksw.org/task2/dataset/3318640,0,2,31
http://swc2017.aksw.org/task2/dataset/3319294,0,5,31
http://swc2017.aksw.org/task2/dataset/3320174,0,16,31
http://swc2017.aksw.org/task2/dataset/3320347,0,0,169
http://swc2017.aksw.org/task2/dataset/3320479,0,0,169
http://swc2017.aksw.org/task2/dataset/3320670,0,0,31
http://swc2017.aksw.org/task2/dataset/3320759,0,0,2
http://swc2017.aksw.org/task2/dataset/3321081,0,2,61
http://swc2017.aksw.org/task2/dataset/3321166,0,0,0
http://swc2017.aksw.org/task2/dataset/3321195,0,1,31
http://swc2017.aksw.org/task2/dataset/3321337,1,5,169
http://swc2017.aksw.org/task2/dataset/3321370,0,0,31
http://swc2017.aksw.org/task2/dataset/3321497,0,0,31
http://swc2017.aksw.org/task2/dataset/3323850,0,0,31
http://swc2017.aksw.org/task2/dataset/3324003,0,0,31
http://swc2017.aksw.org/task2/dataset/3324386,0,0,169
http://swc2017.aksw.org/task2/dataset/3325169,1,3,196
http://swc2017.aksw.org/task2/dataset/3325386,0,0,31
http://swc2017.aksw.org/task2/dataset/3326237,0,0,0
http://swc2017.aksw.org/task2/dataset/3326872,0,0,169
http://swc2017.aksw.org/task2/dataset/3327148,0,2,196
http://swc2017.aksw.org/task2/dataset/3327724,0,4,31
http://swc2017.aksw.org/task2/dataset/3328211,0,0,31
http://swc2017.aksw.org/task2/dataset/3329056,0,1,61
http://swc2017.aksw.org/task2/dataset/3329423,0,8,31
http://swc2017.aksw.org/task2/dataset/3329941,0,0,169
http://swc2017.aksw.org/task2/dataset/3330442,0,0,31
http://swc2017.aksw.org/task2/dataset/3332217,0,0,0
http://swc2017.aksw.org/task2/dataset/3332830,0,0,4
http://swc2017.aksw.org/task2/dataset/3333389,0,3,169
http://swc2017.aksw.org/task2/dataset/3336569,0,1,31
http://swc2017.aksw.org/task2/dataset/3336882,0,0,31
http://swc2017.aksw.org/task2/dataset/3337014,0,1,0
http://swc2017.aksw.org/task2/dataset/3338252,0,0,61
http://swc2017.aksw.org/task2/dataset/3339005,0,1,31
http://swc2017.aksw.org/task2/dataset/3339371,0,0,31
http://swc2017.aksw.org/task2/dataset/3339645,0,0,169
http://swc2017.aksw.org/task2/dataset/3340339,0,0,31
http://swc2017.aksw.org/task2/dataset/3341936,0,0,196
http://swc2017.aksw.org/task2/dataset/3343269,0,0,169
http://swc2017.aksw.org/task2/dataset/3345223,0,4,31
http://swc2017.aksw.org/task2/dataset/3346543,0,0,31
http://swc2017.aksw.org/task2/dataset/3346598,0,11,31
http://swc2017.aksw.org/task2/dataset/3346801,1,2,156
http://swc2017.aksw.org/task2/dataset/3347316,1,1,61
http://swc2017.aksw.org/task2/dataset/3347376,1,2,312
http://swc2017.aksw.org/task2/dataset/3349420,0,15,0
http://swc2017.aksw.org/task2/dataset/3350093,0,0,31
http://swc2017.aksw.org/task2/dataset/3350961,0,0,0
http://swc2017.aksw.org/task2/dataset/3353540,0,5,61
http://swc2017.aksw.org/task2/dataset/3354539,0,0,31
http://swc2017.aksw.org/task2/dataset/3355072,0,0,31
http://swc2017.aksw.org/task2/dataset/3355229,0,0,169
http://swc2017.aksw.org/task2/dataset/3357864,0,0,61
http://swc2017.aksw.org/task2/dataset/3358281,0,0,31
http://swc2017.aksw.org/task2/dataset/3359177,0,0,0
http://swc2017.aksw.org/task2/dataset/3360256,0,0,31
http://swc2017.aksw.org/task2/dataset/3363285,0,0,31
http://swc2017.aksw.org/task2/dataset/3364825,1,2,31
http://swc2017.aksw.org/task2/dataset/3365050,1,2,31
http://swc2017.aksw.org/task2/dataset/3365311,1,6,196
http://swc2017.aksw.org/task2/dataset/3366519,0,0,169
http://swc2017.aksw.org/task2/dataset/3367973,0,0,169
http://swc2017.aksw.org/task2/dataset/3371625,0,0,31
http://swc2017.aksw.org/task2/dataset/3372222,0,0,31
http://swc2017.aksw.org/task2/dataset/3374812,0,8,31
http://swc2017.aksw.org/task2/dataset/3375008,0,4,31
http://swc2017.aksw.org/task2/dataset/3376072,0,0,31
http://swc2017.aksw.org/task2/dataset/3376105,0,0,31
http://swc2017.aksw.org/task2/dataset/3377524,0,7,31
http://swc2017.aksw.org/task2/dataset/3378506,0,8,31
http://swc2017.aksw.org/task2/dataset/3378680,0,0,169
http://swc2017.aksw.org/task2/dataset/3379194,0,0,31
http://swc2017.aksw.org/task2/dataset/3379432,0,0,4
http://swc2017.aksw.org/task2/dataset/3380479,0,2,31
http://swc2017.aksw.org/task2/dataset/3381391,1,2,61
http://swc2017.aksw.org/task2/dataset/3381590,0,2,156
http://swc2017.aksw.org/task2/dataset/3382349,0,0,31
http://swc2017.aksw.org/task2/dataset/3383019,0,0,3
http://swc2017.aksw.org/task2/dataset/3383867,0,0,31
http://swc2017.aksw.org/task2/dataset/3384264,0,0,0
http://swc2017.aksw.org/task2/dataset/3385020,0,0,31
http://swc2017.aksw.org/task2/dataset/3385345,0,0,31
http://swc2017.aksw.org/task2/dataset/3386149,0,11,196
http://swc2017.aksw.org/task2/dataset/3386366,1,4,196
http://swc2017.aksw.org/task2/dataset/3387586,0,0,169
http://swc2017.aksw.org/task2/dataset/3387592,0,0,169
http://swc2017.aksw.org/task2/dataset/3388743,0,0,31
http://swc2017.aksw.org/task2/dataset/3389258,0,0,31
http://swc2017.aksw.org/task2/dataset/3389911,0,0,31
http://swc2017.aksw.org/task2/dataset/3391729,0,0,169
http://swc2017.aksw.org/task2/dataset/3392034,0,0,61
http://swc2017.aksw.org/task2/dataset/3392191,0,0,31
http://swc2017.aksw.org/task2/dataset/3392697,0,3,169
http://swc2017.aksw.org/task2/dataset/3393661,1,1,169
http://swc2017.aksw.org/task2/dataset/3393891,0,0,31
http://swc2017.aksw.org/task2/dataset/3394116,0,7,31
http://swc2017.aksw.org/task2/dataset/3395187,1,2,31
http://swc2017.aksw.org/task2/dataset/3396988,0,4,31
http://swc2017.aksw.org/task2/dataset/3397161,0,0,61
http://swc2017.aksw.org/task2/dataset/3399684,0,0,31
http://swc2017.aksw.org/task2/dataset/3399851,0,4,31
http://swc2017.aksw.org/task2/dataset/3400267,0,0,0
http://swc2017.aksw.org/task2/dataset/3400495,0,0,0
http://swc2017.aksw.org/task2/dataset/3400827,0,1,26
http://swc2017.aksw.org/task2/dataset/3401055,0,0,0
http://swc2017.aksw.org/task2/dataset/3402382,1,1,11
http://swc2017.aksw.org/task2/dataset/3403256,1,1,5
http://swc2017.aksw.org/task2/dataset/3403538,1,1,7
http://swc2017.aksw.org/task2/dataset/3403898,0,1,13
http://swc2017.aksw.org/task2/dataset/3404105,0,0,0
http://swc2017.aksw.org/task2/dataset/3404185,1,1,1
http://swc2017.aksw.org/task2/dataset/3405233,0,1,0
http://swc2017.aksw.org/task2/dataset/3405931,0,0,1
http://swc2017.aksw.org/task2/dataset/3406096,0,0,27
http://swc2017.aksw.org/task2/dataset/3406247,0,1,0
http://swc2017.aksw.org/task2/dataset/3406412,1,1,1
http://swc2017.aksw.org/task2/dataset/3406806,0,0,3
http://swc2017.aksw.org/task2/dataset/3407037,1,1,14
http://swc2017.aksw.org/task2/dataset/3407109,0,1,25
http://swc2017.aksw.org/task2/dataset/3407573,1,1,14
http://swc2017.aksw.org/task2/dataset/3407950,0,1,1
http://swc2017.aksw.org/task2/dataset/3408127,0,1,13
http://swc2017.aksw.org/task2/dataset/3408466,0,0,1
http://swc2017.aksw.org/task2/dataset/3408653,0,1,15
http://swc2017.aksw.org/task2/dataset/3409658,0,1,16
http://swc2017.aksw.org/task2/dataset/3409965,0,1,15
http://swc2017.aksw.org/task2/dataset/3410222,0,1,11
http://swc2017.aksw.org/task2/dataset/3410605,0,1,17
http://swc2017.aksw.org/task2/dataset/3410743,0,1,15
http://swc2017.aksw.org/task2/dataset/3410891,0,0,29
http://swc2017.aksw.org/task2/dataset/3410924,0,1,1
http://swc2017.aksw.org/task2/dataset/3411013,1,1,41
http://swc2017.aksw.org/task2/dataset/3411042,0,0,0
http://swc2017.aksw.org/task2/dataset/3411053,0,0,0
http://swc2017.aksw.org/task2/dataset/3411220,1,1,38
http://swc2017.aksw.org/task2/dataset/3411296,0,1,1
http://swc2017.aksw.org/task2/dataset/3411507,1,1,3
http://swc2017.aksw.org/task2/dataset/3411608,1,1,1
http://swc2017.aksw.org/task2/dataset/3411706,0,1,12
http://swc2017.aksw.org/task2/dataset/3411873,1,1,13
http://swc2017.aksw.org/task2/dataset/3412089,0,1,0
http://swc2017.aksw.org/task2/dataset/3412177,0,0,0
http://swc2017.aksw.org/task2/dataset/3412238,1,1,1
http://swc2017.aksw.org/task2/dataset/3412384,0,1,0
http://swc2017.aksw.org/task2/dataset/3412428,0,2,54
http://swc2017.aksw.org/task2/dataset/3412727,0,1,11
http://swc2017.aksw.org/task2/dataset/3412986,1,1,54
http://swc2017.aksw.org/task2/dataset/3413380,0,1,0
http://swc2017.aksw.org/task2/dataset/3413428,0,1,218
http://swc2017.aksw.org/task2/dataset/3413826,0,0,0
http://swc2017.aksw.org/task2/dataset/3413962,1,1,8
http://swc2017.aksw.org/task2/dataset/3413978,1,1,218
http://swc2017.aksw.org/task2/dataset/3414167,0,1,15
http://swc2017.aksw.org/task2/dataset/3414295,0,0,0
http://swc2017.aksw.org/task2/dataset/3414569,1,4,1
http://swc2017.aksw.org/task2/dataset/3414577,0,0,53
http://swc2017.aksw.org/task2/dataset/3414592,1,1,2
http://swc2017.aksw.org/task2/dataset/3414689,0,1,0
http://swc2017.aksw.org/task2/dataset/3414698,0,2,0
http://swc2017.aksw.org/task2/dataset/3414796,0,0,2
http://swc2017.aksw.org/task2/dataset/3414812,1,1,13
http://swc2017.aksw.org/task2/dataset/3415450,0,0,0
http://swc2017.aksw.org/task2/dataset/3415519,0,1,2
http://swc2017.aksw.org/task2/dataset/3415550,1,1,41
http://swc2017.aksw.org/task2/dataset/3415705,0,1,11
http://swc2017.aksw.org/task2/dataset/3415847,0,0,0
http://swc2017.aksw.org/task2/dataset/3415850,1,1,23
http://swc2017.aksw.org/task2/dataset/3415982,0,0,0
http://swc2017.aksw.org/task2/dataset/3416092,0,1,0
http://swc2017.aksw.org/task2/dataset/3416444,0,0,0
http://swc2017.aksw.org/task2/dataset/3416689,0,0,1
http://swc2017.aksw.org/task2/dataset/3416708,0,1,3
http://swc2017.aksw.org/task2/dataset/3416735,1,1,2
http://swc2017.aksw.org/task2/dataset/3416781,1,1,1
http://swc2017.aksw.org/task2/dataset/3416865,1,1,2
http://swc2017.aksw.org/task2/dataset/3416887,0,0,0
http://swc2017.aksw.org/task2/dataset/3417441,0,0,2
http://swc2017.aksw.org/task2/dataset/3417672,0,2,2
http://swc2017.aksw.org/task2/dataset/3417880,1,1,83
http://swc2017.aksw.org/task2/dataset/3417882,1,1,1
http://swc2017.aksw.org/task2/dataset/3417968,0,1,17
http://swc2017.aksw.org/task2/dataset/3418028,0,0,0
http://swc2017.aksw.org/task2/dataset/3418031,1,2,4
http://swc2017.aksw.org/task2/dataset/3418079,0,1,0
http://swc2017.aksw.org/task2/dataset/3418213,1,1,12
http://swc2017.aksw.org/task2/dataset/3418259,0,0,0
http://swc2017.aksw.org/task2/dataset/3418461,0,0,1
http://swc2017.aksw.org/task2/dataset/3418631,0,0,6
http://swc2017.aksw.org/task2/dataset/3418757,0,1,1
http://swc2017.aksw.org/task2/dataset/3419018,0,0,0
http://swc2017.aksw.org/task2/dataset/3419123,1,1,53
http://swc2017.aksw.org/task2/dataset/3419156,0,0,0
http://swc2017.aksw.org/task2/dataset/3419160,0,2,3
http://swc2017.aksw.org/task2/dataset/3419335,1,1,18
http://swc2017.aksw.org/task2/dataset/3419347,0,0,1
http://swc2017.aksw.org/task2/dataset/3419361,0,0,3
http://swc2017.aksw.org/task2/dataset/3419463,1,1,2
http://swc2017.aksw.org/task2/dataset/3419469,0,1,27
http://swc2017.aksw.org/task2/dataset/3419479,1,2,10
http://swc2017.aksw.org/task2/dataset/3419719,0,0,0
http://swc2017.aksw.org/task2/dataset/3419757,1,1,18
http://swc2017.aksw.org/task2/dataset/3419828,1,1,25
http://swc2017.aksw.org/task2/dataset/3419884,0,0,1
http://swc2017.aksw.org/task2/dataset/3420046,1,1,24
http://swc2017.aksw.org/task2/dataset/3420389,1,1,8
http://swc2017.aksw.org/task2/dataset/3420485,0,2,1
http://swc2017.aksw.org/task2/dataset/3420536,0,2,14
http://swc2017.aksw.org/task2/dataset/3420628,0,0,0
http://swc2017.aksw.org/task2/dataset/3420748,0,1,21
http://swc2017.aksw.org/task2/dataset/3420907,0,1,0
http://swc2017.aksw.org/task2/dataset/3421433,1,1,5
http://swc2017.aksw.org/task2/dataset/3421446,0,0,0
http://swc2017.aksw.org/task2/dataset/3422027,0,0,0
http://swc2017.aksw.org/task2/dataset/3422271,0,1,0
http://swc2017.aksw.org/task2/dataset/3422735,1,1,1
http://swc2017.aksw.org/task2/dataset/3422813,0,0,0
http://swc2017.aksw.org/task2/dataset/3423210,0,0,1
http://swc2017.aksw.org/task2/dataset/3423478,1,1,1
http://swc2017.aksw.org/task2/dataset/3424366,1,1,13
http://swc2017.aksw.org/task2/dataset/3424945,0,0,0
http://swc2017.aksw.org/task2/dataset/3425053,1,1,1
http://swc2017.aksw.org/task2/dataset/3425434,0,0,0
http://swc2017.aksw.org/task2/dataset/3426204,1,1,2
http://swc2017.aksw.org/task2/dataset/3426308,0,0,0
http://swc2017.aksw.org/task2/dataset/3426616,0,2,2
http://swc2017.aksw.org/task2/dataset/3426772,0,1,16
http://swc2017.aksw.org/task2/dataset/3428067,0,0,1
http://swc2017.aksw.org/task2/dataset/3428396,0,0,3
http://swc2017.aksw.org/task2/dataset/3429975,1,1,2
http://swc2017.aksw.org/task2/dataset/3430259,0,0,0
http://swc2017.aksw.org/task2/dataset/3430570,1,1,5
http://swc2017.aksw.org/task2/dataset/3433021,1,1,1
http://swc2017.aksw.org/task2/dataset/3433284,1,1,10
http://swc2017.aksw.org/task2/dataset/3433524,0,0,0
http://swc2017.aksw.org/task2/dataset/3433851,1,1,244
http://swc2017.aksw.org/task2/dataset/3434336,0,0,2
http://swc2017.aksw.org/task2/dataset/3435121,1,5,1
http://swc2017.aksw.org/task2/dataset/3435690,0,1,0
http://swc2017.aksw.org/task2/dataset/3436223,0,1,92
http://swc2017.aksw.org/task2/dataset/3436336,0,0,1
http://swc2017.aksw.org/task2/dataset/3436630,0,1,1
http://swc2017.aksw.org/task2/dataset/3437611,1,2,1
http://swc2017.aksw.org/task2/dataset/3439561,0,0,0
http://swc2017.aksw.org/task2/dataset/3439988,0,0,41
http://swc2017.aksw.org/task2/dataset/3441378,0,0,0
http://swc2017.aksw.org/task2/dataset/3441473,0,0,0
http://swc2017.aksw.org/task2/dataset/3442167,0,0,0
http://swc2017.aksw.org/task2/dataset/3442168,1,1,26
http://swc2017.aksw.org/task2/dataset/3442184,0,0,0
http://swc2017.aksw.org/task2/dataset/3442504,0,0,1
http://swc2017.aksw.org/task2/dataset/3443937,0,0,1
http://swc2017.aksw.org/task2/dataset/3447087,0,0,1
http://swc2017.aksw.org/task2/dataset/3448283,1,2,1
http://swc2017.aksw.org/task2/dataset/3448350,1,1,37
http://swc2017.aksw.org/task2/dataset/3448507,0,0,0
http://swc2017.aksw.org/task2/dataset/3448616,0,0,0
http://swc2017.aksw.org/task2/dataset/3449146,1,1,1
http://swc2017.aksw.org/task2/dataset/3449184,0,0,1
http://swc2017.aksw.org/task2/dataset/3449767,0,1,4
http://swc2017.aksw.org/task2/dataset/3449970,0,2,14
http://swc2017.aksw.org/task2/dataset/3451245,1,1,6
http://swc2017.aksw.org/task2/dataset/3453016,0,0,0
http://swc2017.aksw.org/task2/dataset/3454210,0,0,1
http://swc2017.aksw.org/task2/dataset/3454426,1,1,10
http://swc2017.aksw.org/task2/dataset/3455271,1,1,2
http://swc2017.aksw.org/task2/dataset/3455947,1,1,3
http://swc2017.aksw.org/task2/dataset/3456720,1,1,109
http://swc2017.aksw.org/task2/dataset/3456750,1,2,71
http://swc2017.aksw.org/task2/dataset/3457895,1,1,15
http://swc2017.aksw.org/task2/dataset/3458017,0,1,21
http://swc2017.aksw.org/task2/dataset/3458222,0,1,11
http://swc2017.aksw.org/task2/dataset/3459313,0,1,2
http://swc2017.aksw.org/task2/dataset/3459899,0,1,13
http://swc2017.aksw.org/task2/dataset/3459920,1,2,1
http://swc2017.aksw.org/task2/dataset/3460931,1,1,20
http://swc2017.aksw.org/task2/dataset/3461481,0,0,0
http://swc2017.aksw.org/task2/dataset/3461746,0,1,0
http://swc2017.aksw.org/task2/dataset/3462271,1,1,2
http://swc2017.aksw.org/task2/dataset/3463164,0,0,0
http://swc2017.aksw.org/task2/dataset/3463174,0,1,0
http://swc2017.aksw.org/task2/dataset/3464073,1,1,1
http://swc2017.aksw.org/task2/dataset/3464156,0,1,0
http://swc2017.aksw.org/task2/dataset/3465469,1,1,5
http://swc2017.aksw.org/task2/dataset/3465536,0,1,1
http://swc2017.aksw.org/task2/dataset/3465758,1,1,94
http://swc2017.aksw.org/task2/dataset/3465770,1,1,92
http://swc2017.aksw.org/task2/dataset/3466202,0,0,0
http://swc2017.aksw.org/task2/dataset/3466657,0,1,30
http://swc2017.aksw.org/task2/dataset/3467861,0,1,0
http://swc2017.aksw.org/task2/dataset/3468359,1,1,8
http://swc2017.aksw.org/task2/dataset/3468773,1,1,15
http://swc2017.aksw.org/task2/dataset/3468871,0,1,1
http://swc2017.aksw.org/task2/dataset/3470395,1,1,51
http://swc2017.aksw.org/task2/dataset/3471538,0,1,3
http://swc2017.aksw.org/task2/dataset/3472912,0,0,13
http://swc2017.aksw.org/task2/dataset/3473329,0,1,20
http://swc2017.aksw.org/task2/dataset/3473498,0,0,0
http://swc2017.aksw.org/task2/dataset/3473552,0,0,31
http://swc2017.aksw.org/task2/dataset/3473649,0,1,0
http://swc2017.aksw.org/task2/dataset/3473828,0,0,0
http://swc2017.aksw.org/task2/dataset/3474196,0,0,0
http://swc2017.aksw.org/task2/dataset/3474948,1,1,39
http://swc2017.aksw.org/task2/dataset/3474954,1,1,9
http://swc2017.aksw.org/task2/dataset/3476101,0,1,10
http://swc2017.aksw.org/task2/dataset/3476200,1,1,76
http://swc2017.aksw.org/task2/dataset/3476819,0,0,3
http://swc2017.aksw.org/task2/dataset/3476830,1,1,33
http://swc2017.aksw.org/task2/dataset/3477685,1,1,20
http://swc2017.aksw.org/task2/dataset/3478149,0,1,0
http://swc2017.aksw.org/task2/dataset/3478281,1,1,29
http://swc2017.aksw.org/task2/dataset/3480145,0,1,0
http://swc2017.aksw.org/task2/dataset/3480842,0,1,0
http://swc2017.aksw.org/task2/dataset/3482248,0,0,0
http://swc2017.aksw.org/task2/dataset/3483100,1,1,17
http://swc2017.aksw.org/task2/dataset/3484161,0,0,0
http://swc2017.aksw.org/task2/dataset/3484196,1,1,5
http://swc2017.aksw.org/task2/dataset/3484559,0,1,4
http://swc2017.aksw.org/task2/dataset/3484892,0,1,3
http://swc2017.aksw.org/task2/dataset/3485064,0,0,0
http://swc2017.aksw.org/task2/dataset/3485177,1,1,2
http://swc2017.aksw.org/task2/dataset/3485361,0,0,52
http://swc2017.aksw.org/task2/dataset/3485541,0,1,0
http://swc2017.aksw.org/task2/dataset/3485659,0,1,0
http://swc2017.aksw.org/task2/dataset/3486414,0,0,0
http://swc2017.aksw.org/task2/dataset/3486566,1,1,21
http://swc2017.aksw.org/task2/dataset/3487026,0,0,0
http://swc2017.aksw.org/task2/dataset/3487950,1,1,19
http://swc2017.aksw.org/task2/dataset/3487980,0,0,0
http://swc2017.aksw.org/task2/dataset/3488062,0,1,0
http://swc2017.aksw.org/task2/dataset/3488167,0,0,0
http://swc2017.aksw.org/task2/dataset/3489736,1,1,3
http://swc2017.aksw.org/task2/dataset/3489967,0,0,27
http://swc2017.aksw.org/task2/dataset/3490127,0,1,71
http://swc2017.aksw.org/task2/dataset/3490196,1,1,3
http://swc2017.aksw.org/task2/dataset/3490863,1,1,92
http://swc2017.aksw.org/task2/dataset/3490963,0,1,1
http://swc2017.aksw.org/task2/dataset/3491308,0,1,41
http://swc2017.aksw.org/task2/dataset/3491329,0,4,0
http://swc2017.aksw.org/task2/dataset/3492997,0,0,13
http://swc2017.aksw.org/task2/dataset/3493357,0,0,0
http://swc2017.aksw.org/task2/dataset/3494201,1,1,2
http://swc2017.aksw.org/task2/dataset/3494708,0,0,7
http://swc2017.aksw.org/task2/dataset/3495016,1,1,1
http://swc2017.aksw.org/task2/dataset/3495035,0,1,0
http://swc2017.aksw.org/task2/dataset/3495645,1,2,3
http://swc2017.aksw.org/task2/dataset/3495857,0,1,1
http://swc2017.aksw.org/task2/dataset/3497178,0,1,2
http://swc2017.aksw.org/task2/dataset/3498730,0,1,10
http://swc2017.aksw.org/task2/dataset/3600078,1,7,43
http://swc2017.aksw.org/task2/dataset/3603525,1,6,4
http://swc2017.aksw.org/task2/dataset/3603937,0,0,35
http://swc2017.aksw.org/task2/dataset/3605370,0,7,0
http://swc2017.aksw.org/task2/dataset/3605479,1,6,47
http://swc2017.aksw.org/task2/dataset/3605806,1,5,28
http://swc2017.aksw.org/task2/dataset/3606470,0,0,30
http://swc2017.aksw.org/task2/dataset/3608023,0,0,78
http://swc2017.aksw.org/task2/dataset/3609982,0,0,0
http://swc2017.aksw.org/task2/dataset/3610053,0,0,65
http://swc2017.aksw.org/task2/dataset/3610286,0,6,29
http://swc2017.aksw.org/task2/dataset/3610297,1,12,62
http://swc2017.aksw.org/task2/dataset/3610507,0,0,20
http://swc2017.aksw.org/task2/dataset/3610626,0,2,42
http://swc2017.aksw.org/task2/dataset/3611275,0,0,39
http://swc2017.aksw.org/task2/dataset/3611671,0,0,51
http://swc2017.aksw.org/task2/dataset/3612063,0,10,74
http://swc2017.aksw.org/task2/dataset/3612106,0,0,38
http://swc2017.aksw.org/task2/dataset/3612116,0,0,35
http://swc2017.aksw.org/task2/dataset/3612188,0,0,22
http://swc2017.aksw.org/task2/dataset/3612425,0,0,0
http://swc2017.aksw.org/task2/dataset/3612528,1,10,6
http://swc2017.aksw.org/task2/dataset/3612572,0,0,7
http://swc2017.aksw.org/task2/dataset/3613178,0,7,54
http://swc2017.aksw.org/task2/dataset/3613554,1,6,74
http://swc2017.aksw.org/task2/dataset/3614017,1,12,79
http://swc2017.aksw.org/task2/dataset/3614064,0,6,15
http://swc2017.aksw.org/task2/dataset/3614099,0,7,10
http://swc2017.aksw.org/task2/dataset/3614287,0,0,14
http://swc2017.aksw.org/task2/dataset/3614746,0,0,0
http://swc2017.aksw.org/task2/dataset/3614815,0,7,0
http://swc2017.aksw.org/task2/dataset/3614858,1,12,6
http://swc2017.aksw.org/task2/dataset/3614934,1,7,85
http://swc2017.aksw.org/task2/dataset/3615068,1,7,78
http://swc2017.aksw.org/task2/dataset/3615399,1,7,46
http://swc2017.aksw.org/task2/dataset/3615660,1,7,32
http://swc2017.aksw.org/task2/dataset/3615679,0,0,0
http://swc2017.aksw.org/task2/dataset/3616055,0,0,32
http://swc2017.aksw.org/task2/dataset/3616223,1,6,12
http://swc2017.aksw.org/task2/dataset/3616376,0,12,0
http://swc2017.aksw.org/task2/dataset/3616492,0,6,7
http://swc2017.aksw.org/task2/dataset/3616684,0,0,58
http://swc2017.aksw.org/task2/dataset/3616753,1,12,68
http://swc2017.aksw.org/task2/dataset/3616834,0,0,30
http://swc2017.aksw.org/task2/dataset/3616876,1,7,61
http://swc2017.aksw.org/task2/dataset/3616902,1,6,27
http://swc2017.aksw.org/task2/dataset/3617484,1,10,20
http://swc2017.aksw.org/task2/dataset/3617517,0,7,68
http://swc2017.aksw.org/task2/dataset/3617557,1,7,16
http://swc2017.aksw.org/task2/dataset/3617690,1,6,14
http://swc2017.aksw.org/task2/dataset/3617790,0,0,0
http://swc2017.aksw.org/task2/dataset/3617805,0,0,16
http://swc2017.aksw.org/task2/dataset/3617869,1,10,52
http://swc2017.aksw.org/task2/dataset/3618413,0,2,16
http://swc2017.aksw.org/task2/dataset/3618709,1,8,26
http://swc2017.aksw.org/task2/dataset/3619203,0,7,22
http://swc2017.aksw.org/task2/dataset/3619217,1,10,35
http://swc2017.aksw.org/task2/dataset/3619229,1,8,46
http://swc2017.aksw.org/task2/dataset/3619236,0,0,14
http://swc2017.aksw.org/task2/dataset/3619324,0,5,17
http://swc2017.aksw.org/task2/dataset/3619711,0,0,58
http://swc2017.aksw.org/task2/dataset/3619856,0,10,108
http://swc2017.aksw.org/task2/dataset/3619868,1,12,91
http://swc2017.aksw.org/task2/dataset/3620032,0,7,14
http://swc2017.aksw.org/task2/dataset/3620116,1,10,102
http://swc2017.aksw.org/task2/dataset/3620210,0,6,49
http://swc2017.aksw.org/task2/dataset/3620320,0,7,58
http://swc2017.aksw.org/task2/dataset/3620375,0,0,3
http://swc2017.aksw.org/task2/dataset/3620394,0,10,7
http://swc2017.aksw.org/task2/dataset/3620400,0,7,16
http://swc2017.aksw.org/task2/dataset/3620462,0,0,0
http://swc2017.aksw.org/task2/dataset/3620617,0,10,0
http://swc2017.aksw.org/task2/dataset/3620807,0,0,0
http://swc2017.aksw.org/task2/dataset/3621212,0,2,46
http://swc2017.aksw.org/task2/dataset/3621391,0,0,0
http://swc2017.aksw.org/task2/dataset/3621446,1,8,46
http://swc2017.aksw.org/task2/dataset/3621647,0,0,57
http://swc2017.aksw.org/task2/dataset/3625278,0,0,61
http://swc2017.aksw.org/task2/dataset/3625518,0,10,62
http://swc2017.aksw.org/task2/dataset/3626253,0,0,0
http://swc2017.aksw.org/task2/dataset/3627755,0,10,65
http://swc2017.aksw.org/task2/dataset/3628149,0,6,79
http://swc2017.aksw.org/task2/dataset/3628538,1,6,45
http://swc2017.aksw.org/task2/dataset/3628954,1,5,17
http://swc2017.aksw.org/task2/dataset/3629301,1,10,102
http://swc2017.aksw.org/task2/dataset/3631502,0,8,40
http://swc2017.aksw.org/task2/dataset/3633071,0,7,10
http://swc2017.aksw.org/task2/dataset/3633211,0,0,58
http://swc2017.aksw.org/task2/dataset/3636386,1,6,67
http://swc2017.aksw.org/task2/dataset/3637083,1,10,78
http://swc2017.aksw.org/task2/dataset/3637972,1,10,57
http://swc2017.aksw.org/task2/dataset/3638988,1,6,30
http://swc2017.aksw.org/task2/dataset/3640584,1,2,7
http://swc2017.aksw.org/task2/dataset/3641644,0,2,36
http://swc2017.aksw.org/task2/dataset/3642843,0,5,61
http://swc2017.aksw.org/task2/dataset/3642887,0,6,52
http://swc2017.aksw.org/task2/dataset/3643032,0,6,67
http://swc2017.aksw.org/task2/dataset/3643040,1,6,65
http://swc2017.aksw.org/task2/dataset/3643255,1,7,28
http://swc2017.aksw.org/task2/dataset/3643300,1,6,45
http://swc2017.aksw.org/task2/dataset/3643468,0,5,102
http://swc2017.aksw.org/task2/dataset/3644888,1,7,40
http://swc2017.aksw.org/task2/dataset/3646687,1,10,42
http://swc2017.aksw.org/task2/dataset/3649103,0,0,15
http://swc2017.aksw.org/task2/dataset/3649493,1,6,20
http://swc2017.aksw.org/task2/dataset/3652120,0,0,6
http://swc2017.aksw.org/task2/dataset/3652951,0,2,29
http://swc2017.aksw.org/task2/dataset/3653160,1,6,10
http://swc2017.aksw.org/task2/dataset/3654346,1,6,13
http://swc2017.aksw.org/task2/dataset/3655445,0,0,54
http://swc2017.aksw.org/task2/dataset/3657619,1,6,22
http://swc2017.aksw.org/task2/dataset/3657753,0,7,28
http://swc2017.aksw.org/task2/dataset/3657858,1,6,15
http://swc2017.aksw.org/task2/dataset/3658409,0,6,73
http://swc2017.aksw.org/task2/dataset/3658486,0,0,33
http://swc2017.aksw.org/task2/dataset/3658958,1,6,15
http://swc2017.aksw.org/task2/dataset/3659501,1,10,51
http://swc2017.aksw.org/task2/dataset/3659602,0,6,57
http://swc2017.aksw.org/task2/dataset/3659625,0,0,85
http://swc2017.aksw.org/task2/dataset/3660361,1,2,7
http://swc2017.aksw.org/task2/dataset/3660951,0,10,28
http://swc2017.aksw.org/task2/dataset/3660997,0,0,95
http://swc2017.aksw.org/task2/dataset/3662987,0,12,57
http://swc2017.aksw.org/task2/dataset/3663154,1,5,66
http://swc2017.aksw.org/task2/dataset/3665527,0,7,35
http://swc2017.aksw.org/task2/dataset/3666148,0,0,17
http://swc2017.aksw.org/task2/dataset/3669442,0,0,45
http://swc2017.aksw.org/task2/dataset/3669935,1,7,108
http://swc2017.aksw.org/task2/dataset/3670070,1,2,6
http://swc2017.aksw.org/task2/dataset/3670534,0,6,20
http://swc2017.aksw.org/task2/dataset/3675965,0,0,0
http://swc2017.aksw.org/task2/dataset/3676376,0,12,8
http://swc2017.aksw.org/task2/dataset/3679636,0,0,66
http://swc2017.aksw.org/task2/dataset/3681647,0,6,61
http://swc2017.aksw.org/task2/dataset/3682299,0,12,15
http://swc2017.aksw.org/task2/dataset/3682468,0,0,49
http://swc2017.aksw.org/task2/dataset/3682513,1,7,49
http://swc2017.aksw.org/task2/dataset/3682722,0,0,12
http://swc2017.aksw.org/task2/dataset/3685079,0,6,6
http://swc2017.aksw.org/task2/dataset/3686167,1,2,6
http://swc2017.aksw.org/task2/dataset/3691489,1,7,67
http://swc2017.aksw.org/task2/dataset/3694830,0,6,30
http://swc2017.aksw.org/task2/dataset/3695286,1,2,6
http://swc2017.aksw.org/task2/dataset/3695379,1,7,62
http://swc2017.aksw.org/task2/dataset/3695414,1,6,29
http://swc2017.aksw.org/task2/dataset/3695487,0,0,62
http://swc2017.aksw.org/task2/dataset/3696062,0,7,24
http://swc2017.aksw.org/task2/dataset/3696506,1,12,95
http://swc2017.aksw.org/task2/dataset/3800008,0,0,1
http://swc2017.aksw.org/task2/dataset/3800494,0,0,0
http://swc2017.aksw.org/task2/dataset/3800661,1,1,53
http://swc2017.aksw.org/task2/dataset/3800728,1,1,473
http://swc2017.aksw.org/task2/dataset/3800999,0,1,0
http://swc2017.aksw.org/task2/dataset/3801427,0,1,0
http://swc2017.aksw.org/task2/dataset/3802038,1,1,18
http://swc2017.aksw.org/task2/dataset/3802053,0,1,0
http://swc2017.aksw.org/task2/dataset/3802319,0,0,97
http://swc2017.aksw.org/task2/dataset/3802707,0,2,97
http://swc2017.aksw.org/task2/dataset/3803384,1,1,494
http://swc2017.aksw.org/task2/dataset/3803387,1,2,1276
http://swc2017.aksw.org/task2/dataset/3803966,0,0,2
http://swc2017.aksw.org/task2/dataset/3804112,0,1,3
http://swc2017.aksw.org/task2/dataset/3804340,1,2,711
http://swc2017.aksw.org/task2/dataset/3804372,0,0,306
http://swc2017.aksw.org/task2/dataset/3804697,1,1,12666
http://swc2017.aksw.org/task2/dataset/3804758,0,0,5292
http://swc2017.aksw.org/task2/dataset/3804853,0,0,1784
http://swc2017.aksw.org/task2/dataset/3805131,1,3,812
http://swc2017.aksw.org/task2/dataset/3805667,1,3,1969
http://swc2017.aksw.org/task2/dataset/3805866,1,1,653
http://swc2017.aksw.org/task2/dataset/3805868,0,0,0
http://swc2017.aksw.org/task2/dataset/3805994,1,3,3014
http://swc2017.aksw.org/task2/dataset/3806042,0,0,0
http://swc2017.aksw.org/task2/dataset/3806287,0,0,1409
http://swc2017.aksw.org/task2/dataset/3806900,1,2,34
http://swc2017.aksw.org/task2/dataset/3806934,0,2,525
http://swc2017.aksw.org/task2/dataset/3807612,0,0,689
http://swc2017.aksw.org/task2/dataset/3807642,0,3,153
http://swc2017.aksw.org/task2/dataset/3808501,0,4,0
http://swc2017.aksw.org/task2/dataset/3808752,1,2,377
http://swc2017.aksw.org/task2/dataset/3808882,0,0,0
http://swc2017.aksw.org/task2/dataset/3809021,0,0,329
http://swc2017.aksw.org/task2/dataset/3809267,0,2,670
http://swc2017.aksw.org/task2/dataset/3809393,0,0,313
http://swc2017.aksw.org/task2/dataset/3810045,0,0,5027
http://swc2017.aksw.org/task2/dataset/3810128,1,2,2761
http://swc2017.aksw.org/task2/dataset/3810221,1,1,655
http://swc2017.aksw.org/task2/dataset/3810244,0,0,10
http://swc2017.aksw.org/task2/dataset/3810262,1,1,331
http://swc2017.aksw.org/task2/dataset/3810350,0,0,876
http://swc2017.aksw.org/task2/dataset/3810389,0,2,12666
http://swc2017.aksw.org/task2/dataset/3810435,0,0,45
http://swc2017.aksw.org/task2/dataset/3810544,1,1,157
http://swc2017.aksw.org/task2/dataset/3810658,0,0,0
http://swc2017.aksw.org/task2/dataset/3810671,1,2,948
http://swc2017.aksw.org/task2/dataset/3810676,0,0,0
http://swc2017.aksw.org/task2/dataset/3810742,0,0,0
http://swc2017.aksw.org/task2/dataset/3810813,1,3,1
http://swc2017.aksw.org/task2/dataset/3810827,0,2,5292
http://swc2017.aksw.org/task2/dataset/3810833,1,1,436
http://swc2017.aksw.org/task2/dataset/3810871,1,1,306
http://swc2017.aksw.org/task2/dataset/3810943,1,1,660
http://swc2017.aksw.org/task2/dataset/3810962,1,2,6289
http://swc2017.aksw.org/task2/dataset/3811047,0,2,210
http://swc2017.aksw.org/task2/dataset/3811106,1,2,2016
http://swc2017.aksw.org/task2/dataset/3811138,1,1,1
http://swc2017.aksw.org/task2/dataset/3811313,0,0,35
http://swc2017.aksw.org/task2/dataset/3811411,0,0,5235
http://swc2017.aksw.org/task2/dataset/3811429,0,0,0
http://swc2017.aksw.org/task2/dataset/3811478,0,0,65
http://swc2017.aksw.org/task2/dataset/3811599,1,1,1
http://swc2017.aksw.org/task2/dataset/3811618,0,3,0
http://swc2017.aksw.org/task2/dataset/3811634,1,2,473
http://swc2017.aksw.org/task2/dataset/3811642,1,2,62
http://swc2017.aksw.org/task2/dataset/3811928,1,3,5
http://swc2017.aksw.org/task2/dataset/3812080,1,1,10
http://swc2017.aksw.org/task2/dataset/3812127,0,1,23
http://swc2017.aksw.org/task2/dataset/3812179,0,0,0
http://swc2017.aksw.org/task2/dataset/3812225,0,2,9677
http://swc2017.aksw.org/task2/dataset/3812234,0,0,4
http://swc2017.aksw.org/task2/dataset/3812265,0,0,7074
http://swc2017.aksw.org/task2/dataset/3812322,0,2,29
http://swc2017.aksw.org/task2/dataset/3812413,0,2,0
http://swc2017.aksw.org/task2/dataset/3812460,1,1,6289
http://swc2017.aksw.org/task2/dataset/3812463,0,1,0
http://swc2017.aksw.org/task2/dataset/3812548,1,1,149
http://swc2017.aksw.org/task2/dataset/3812588,0,0,813
http://swc2017.aksw.org/task2/dataset/3812706,0,0,18
http://swc2017.aksw.org/task2/dataset/3812907,1,2,3477
http://swc2017.aksw.org/task2/dataset/3812924,0,0,96
http://swc2017.aksw.org/task2/dataset/3812960,0,1,178
http://swc2017.aksw.org/task2/dataset/3812966,0,2,1396
http://swc2017.aksw.org/task2/dataset/3812988,1,1,100
http://swc2017.aksw.org/task2/dataset/3813045,0,0,1409
http://swc2017.aksw.org/task2/dataset/3813051,1,1,17
http://swc2017.aksw.org/task2/dataset/3813076,1,1,30
http://swc2017.aksw.org/task2/dataset/3813137,0,2,0
http://swc2017.aksw.org/task2/dataset/3813159,0,0,0
http://swc2017.aksw.org/task2/dataset/3813329,0,1,2
http://swc2017.aksw.org/task2/dataset/3813375,0,0,489
http://swc2017.aksw.org/task2/dataset/3813426,0,2,9677
http://swc2017.aksw.org/task2/dataset/3813432,0,0,719
http://swc2017.aksw.org/task2/dataset/3813543,0,2,5292
http://swc2017.aksw.org/task2/dataset/3813560,0,0,12666
http://swc2017.aksw.org/task2/dataset/3813592,1,1,1
http://swc2017.aksw.org/task2/dataset/3813641,0,0,0
http://swc2017.aksw.org/task2/dataset/3813728,1,1,1
http://swc2017.aksw.org/task2/dataset/3813754,1,2,100
http://swc2017.aksw.org/task2/dataset/3813756,0,1,0
http://swc2017.aksw.org/task2/dataset/3813820,0,0,0
http://swc2017.aksw.org/task2/dataset/3813852,0,0,1382
http://swc2017.aksw.org/task2/dataset/3813925,0,2,0
http://swc2017.aksw.org/task2/dataset/3814095,1,2,46
http://swc2017.aksw.org/task2/dataset/3814132,0,2,30
http://swc2017.aksw.org/task2/dataset/3814237,0,0,876
http://swc2017.aksw.org/task2/dataset/3814271,1,2,328
http://swc2017.aksw.org/task2/dataset/3814297,1,3,2496
http://swc2017.aksw.org/task2/dataset/3814323,1,1,198
http://swc2017.aksw.org/task2/dataset/3814430,0,0,7074
http://swc2017.aksw.org/task2/dataset/3814637,0,2,5292
http://swc2017.aksw.org/task2/dataset/3814664,0,1,0
http://swc2017.aksw.org/task2/dataset/3814745,0,2,0
http://swc2017.aksw.org/task2/dataset/3814794,0,0,1
http://swc2017.aksw.org/task2/dataset/3814822,1,1,520
http://swc2017.aksw.org/task2/dataset/3814832,0,0,5027
http://swc2017.aksw.org/task2/dataset/3815053,0,1,33
http://swc2017.aksw.org/task2/dataset/3815335,0,0,5235
http://swc2017.aksw.org/task2/dataset/3815427,1,1,22
http://swc2017.aksw.org/task2/dataset/3815621,1,2,465
http://swc2017.aksw.org/task2/dataset/3815742,0,3,5
http://swc2017.aksw.org/task2/dataset/3815854,0,0,0
http://swc2017.aksw.org/task2/dataset/3816210,1,2,4792
http://swc2017.aksw.org/task2/dataset/3816230,1,1,2
http://swc2017.aksw.org/task2/dataset/3816274,0,1,1409
http://swc2017.aksw.org/task2/dataset/3816277,1,1,3
http://swc2017.aksw.org/task2/dataset/3816310,0,0,1743
http://swc2017.aksw.org/task2/dataset/3816323,0,0,1784
http://swc2017.aksw.org/task2/dataset/3816451,1,1,655
http://swc2017.aksw.org/task2/dataset/3816544,1,1,844
http://swc2017.aksw.org/task2/dataset/3816666,1,2,1329
http://swc2017.aksw.org/task2/dataset/3816693,1,2,63
http://swc2017.aksw.org/task2/dataset/3816858,0,2,1349
http://swc2017.aksw.org/task2/dataset/3817075,0,0,3129
http://swc2017.aksw.org/task2/dataset/3817082,0,0,0
http://swc2017.aksw.org/task2/dataset/3817236,1,2,38
http://swc2017.aksw.org/task2/dataset/3817419,0,0,7074
http://swc2017.aksw.org/task2/dataset/3817585,0,0,0
http://swc2017.aksw.org/task2/dataset/3817606,0,0,2761
http://swc2017.aksw.org/task2/dataset/3817892,0,0,1342
http://swc2017.aksw.org/task2/dataset/3818123,1,1,270
http://swc2017.aksw.org/task2/dataset/3818130,0,0,146
http://swc2017.aksw.org/task2/dataset/3818142,0,0,26
http://swc2017.aksw.org/task2/dataset/3818154,0,0,0
http://swc2017.aksw.org/task2/dataset/3818168,0,0,12662
http://swc2017.aksw.org/task2/dataset/3818179,0,0,9677
http://swc2017.aksw.org/task2/dataset/3818227,0,0,0
http://swc2017.aksw.org/task2/dataset/3818271,0,0,0
http://swc2017.aksw.org/task2/dataset/3818307,0,2,210
http://swc2017.aksw.org/task2/dataset/3818361,0,0,2761
http://swc2017.aksw.org/task2/dataset/3818392,0,0,1
http://swc2017.aksw.org/task2/dataset/3818539,0,0,0
http://swc2017.aksw.org/task2/dataset/3818760,0,1,5876
http://swc2017.aksw.org/task2/dataset/3818792,1,2,3109
http://swc2017.aksw.org/task2/dataset/3818794,0,0,1225
http://swc2017.aksw.org/task2/dataset/3818858,0,0,7074
http://swc2017.aksw.org/task2/dataset/3818880,1,1,316
http://swc2017.aksw.org/task2/dataset/3818889,1,1,7074
http://swc2017.aksw.org/task2/dataset/3819075,0,2,0
http://swc2017.aksw.org/task2/dataset/3819118,0,1,2667
http://swc2017.aksw.org/task2/dataset/3819159,0,0,9677
http://swc2017.aksw.org/task2/dataset/3819192,1,1,1258
http://swc2017.aksw.org/task2/dataset/3819198,0,0,10
http://swc2017.aksw.org/task2/dataset/3819616,1,1,2065
http://swc2017.aksw.org/task2/dataset/3819708,1,1,302
http://swc2017.aksw.org/task2/dataset/3819761,1,2,8
http://swc2017.aksw.org/task2/dataset/3819797,0,0,594
http://swc2017.aksw.org/task2/dataset/3819843,0,0,0
http://swc2017.aksw.org/task2/dataset/3819960,1,2,390
http://swc2017.aksw.org/task2/dataset/3819966,0,0,0
http://swc2017.aksw.org/task2/dataset/3820010,1,1,3185
http://swc2017.aksw.org/task2/dataset/3820018,0,0,252
http://swc2017.aksw.org/task2/dataset/3820135,0,0,101
http://swc2017.aksw.org/task2/dataset/3820152,1,1,2
http://swc2017.aksw.org/task2/dataset/3820415,1,3,89
http://swc2017.aksw.org/task2/dataset/3820439,1,2,70
http://swc2017.aksw.org/task2/dataset/3820487,0,0,3
http://swc2017.aksw.org/task2/dataset/3820514,0,0,2667
http://swc2017.aksw.org/task2/dataset/3820541,1,1,22
http://swc2017.aksw.org/task2/dataset/3820586,1,1,6289
http://swc2017.aksw.org/task2/dataset/3820621,1,2,3159
http://swc2017.aksw.org/task2/dataset/3820723,0,2,10
http://swc2017.aksw.org/task2/dataset/3820781,1,2,3
http://swc2017.aksw.org/task2/dataset/3820837,0,1,1171
http://swc2017.aksw.org/task2/dataset/3820909,1,2,475
http://swc2017.aksw.org/task2/dataset/3820937,0,1,38
http://swc2017.aksw.org/task2/dataset/3821011,0,2,3191
http://swc2017.aksw.org/task2/dataset/3821077,0,0,0
http://swc2017.aksw.org/task2/dataset/3821268,0,0,32
http://swc2017.aksw.org/task2/dataset/3821281,0,0,5235
http://swc2017.aksw.org/task2/dataset/3821360,1,2,25
http://swc2017.aksw.org/task2/dataset/3821409,0,0,101
http://swc2017.aksw.org/task2/dataset/3821469,0,1,0
http://swc2017.aksw.org/task2/dataset/3821565,0,1,5
http://swc2017.aksw.org/task2/dataset/3821688,0,0,0
http://swc2017.aksw.org/task2/dataset/3822808,0,0,432
http://swc2017.aksw.org/task2/dataset/3823055,1,1,1
http://swc2017.aksw.org/task2/dataset/3823508,0,0,35
http://swc2017.aksw.org/task2/dataset/3823591,0,1,284
http://swc2017.aksw.org/task2/dataset/3824208,0,2,12666
http://swc2017.aksw.org/task2/dataset/3824242,0,0,595
http://swc2017.aksw.org/task2/dataset/3824280,0,0,254
http://swc2017.aksw.org/task2/dataset/3824435,0,0,5876
http://swc2017.aksw.org/task2/dataset/3824495,0,0,253
http://swc2017.aksw.org/task2/dataset/3826154,1,3,1
http://swc2017.aksw.org/task2/dataset/3826772,1,1,7
http://swc2017.aksw.org/task2/dataset/3827375,0,0,44
http://swc2017.aksw.org/task2/dataset/3827571,0,1,0
http://swc2017.aksw.org/task2/dataset/3827697,1,1,302
http://swc2017.aksw.org/task2/dataset/3827827,0,0,19
http://swc2017.aksw.org/task2/dataset/3828206,1,1,62
http://swc2017.aksw.org/task2/dataset/3828230,0,0,0
http://swc2017.aksw.org/task2/dataset/3828319,0,0,9
http://swc2017.aksw.org/task2/dataset/3828475,0,3,0
http://swc2017.aksw.org/task2/dataset/3829132,0,0,657
http://swc2017.aksw.org/task2/dataset/3829525,0,0,7074
http://swc2017.aksw.org/task2/dataset/3829771,1,1,465
http://swc2017.aksw.org/task2/dataset/3829867,0,1,0
http://swc2017.aksw.org/task2/dataset/3830011,1,2,276
http://swc2017.aksw.org/task2/dataset/3830651,0,0,0
http://swc2017.aksw.org/task2/dataset/3830854,0,1,9677
http://swc2017.aksw.org/task2/dataset/3831092,1,1,29
http://swc2017.aksw.org/task2/dataset/3831772,0,1,441
http://swc2017.aksw.org/task2/dataset/3831784,0,1,138
http://swc2017.aksw.org/task2/dataset/3832341,0,0,0
http://swc2017.aksw.org/task2/dataset/3832346,0,0,168
http://swc2017.aksw.org/task2/dataset/3832413,0,0,0
http://swc2017.aksw.org/task2/dataset/3832583,0,0,6566
http://swc2017.aksw.org/task2/dataset/3833011,0,0,0
http://swc2017.aksw.org/task2/dataset/3833133,1,1,57
http://swc2017.aksw.org/task2/dataset/3833157,0,0,5235
http://swc2017.aksw.org/task2/dataset/3833845,0,2,0
http://swc2017.aksw.org/task2/dataset/3834404,0,1,0
http://swc2017.aksw.org/task2/dataset/3834895,0,1,0
http://swc2017.aksw.org/task2/dataset/3835575,0,0,465
http://swc2017.aksw.org/task2/dataset/3836794,0,0,205
http://swc2017.aksw.org/task2/dataset/3836931,0,2,0
http://swc2017.aksw.org/task2/dataset/3837411,0,0,1743
http://swc2017.aksw.org/task2/dataset/3837458,0,0,0
http://swc2017.aksw.org/task2/dataset/3837537,0,2,0
http://swc2017.aksw.org/task2/dataset/3839333,0,0,0
http://swc2017.aksw.org/task2/dataset/3839592,1,1,183
http://swc2017.aksw.org/task2/dataset/3839992,1,1,12666
http://swc2017.aksw.org/task2/dataset/3840516,1,2,5235
http://swc2017.aksw.org/task2/dataset/3841536,0,2,0
http://swc2017.aksw.org/task2/dataset/3841776,0,1,5235
http://swc2017.aksw.org/task2/dataset/3841802,0,0,146
http://swc2017.aksw.org/task2/dataset/3841872,1,1,5
http://swc2017.aksw.org/task2/dataset/3842448,0,0,5292
http://swc2017.aksw.org/task2/dataset/3842800,1,2,15
http://swc2017.aksw.org/task2/dataset/3843101,1,2,981
http://swc2017.aksw.org/task2/dataset/3843148,0,0,5876
http://swc2017.aksw.org/task2/dataset/3843195,0,0,171
http://swc2017.aksw.org/task2/dataset/3843363,0,2,301
http://swc2017.aksw.org/task2/dataset/3844075,0,0,5
http://swc2017.aksw.org/task2/dataset/3844327,0,2,346
http://swc2017.aksw.org/task2/dataset/3844500,0,0,0
http://swc2017.aksw.org/task2/dataset/3844588,1,2,1
http://swc2017.aksw.org/task2/dataset/3844612,1,1,5
http://swc2017.aksw.org/task2/dataset/3844724,1,1,6
http://swc2017.aksw.org/task2/dataset/3844780,1,2,1
http://swc2017.aksw.org/task2/dataset/3844804,0,0,38
http://swc2017.aksw.org/task2/dataset/3844887,0,2,525
http://swc2017.aksw.org/task2/dataset/3845301,1,1,6289
http://swc2017.aksw.org/task2/dataset/3845326,0,0,5292
http://swc2017.aksw.org/task2/dataset/3845582,1,1,14
http://swc2017.aksw.org/task2/dataset/3845769,0,0,711
http://swc2017.aksw.org/task2/dataset/3845877,0,0,13
http://swc2017.aksw.org/task2/dataset/3846245,1,1,682
http://swc2017.aksw.org/task2/dataset/3846855,0,0,12666
http://swc2017.aksw.org/task2/dataset/3847321,1,1,473
http://swc2017.aksw.org/task2/dataset/3847898,0,0,8
http://swc2017.aksw.org/task2/dataset/3847995,0,0,0
http://swc2017.aksw.org/task2/dataset/3848183,0,0,3539
http://swc2017.aksw.org/task2/dataset/3848722,1,1,95
http://swc2017.aksw.org/task2/dataset/3849990,1,1,692
http://swc2017.aksw.org/task2/dataset/3850160,1,2,354
http://swc2017.aksw.org/task2/dataset/3850944,0,0,37
http://swc2017.aksw.org/task2/dataset/3851006,1,2,3508
http://swc2017.aksw.org/task2/dataset/3851166,1,1,202
http://swc2017.aksw.org/task2/dataset/3851499,0,0,0
http://swc2017.aksw.org/task2/dataset/3851704,1,3,1969
http://swc2017.aksw.org/task2/dataset/3852021,0,0,254
http://swc2017.aksw.org/task2/dataset/3853509,0,0,526
http://swc2017.aksw.org/task2/dataset/3853510,1,1,210
http://swc2017.aksw.org/task2/dataset/3853729,1,2,14
http://swc2017.aksw.org/task2/dataset/3854160,1,3,4
http://swc2017.aksw.org/task2/dataset/3854635,1,2,6289
http://swc2017.aksw.org/task2/dataset/3855715,1,2,275
http://swc2017.aksw.org/task2/dataset/3855752,1,1,605
http://swc2017.aksw.org/task2/dataset/3855884,0,0,3044
http://swc2017.aksw.org/task2/dataset/3855888,1,1,890
http://swc2017.aksw.org/task2/dataset/3856098,1,1,7074
http://swc2017.aksw.org/task2/dataset/3856334,0,0,0
http://swc2017.aksw.org/task2/dataset/3856636,1,1,258
http://swc2017.aksw.org/task2/dataset/3856736,1,2,2
http://swc2017.aksw.org/task2/dataset/3857204,0,2,4156
http://swc2017.aksw.org/task2/dataset/3857508,1,2,64
http://swc2017.aksw.org/task2/dataset/3857539,1,1,906
http://swc2017.aksw.org/task2/dataset/3857969,0,0,1736
http://swc2017.aksw.org/task2/dataset/3858293,0,0,0
http://swc2017.aksw.org/task2/dataset/3858331,1,1,149
http://swc2017.aksw.org/task2/dataset/3858354,0,1,11
http://swc2017.aksw.org/task2/dataset/3858516,0,0,197
http://swc2017.aksw.org/task2/dataset/3858537,1,1,68
http://swc2017.aksw.org/task2/dataset/3858806,0,0,1342
http://swc2017.aksw.org/task2/dataset/3859067,1,1,473
http://swc2017.aksw.org/task2/dataset/3859462,0,0,5876
http://swc2017.aksw.org/task2/dataset/3859552,0,2,1116
http://swc2017.aksw.org/task2/dataset/3860225,1,2,1383
http://swc2017.aksw.org/task2/dataset/3860307,0,0,95
http://swc2017.aksw.org/task2/dataset/3860513,1,1,4028
http://swc2017.aksw.org/task2/dataset/3860847,0,0,66
http://swc2017.aksw.org/task2/dataset/3861019,1,1,241
http://swc2017.aksw.org/task2/dataset/3861690,1,1,2016
http://swc2017.aksw.org/task2/dataset/3862402,0,0,100
http://swc2017.aksw.org/task2/dataset/3862445,0,2,0
http://swc2017.aksw.org/task2/dataset/3862446,0,0,0
http://swc2017.aksw.org/task2/dataset/3862804,1,1,37
http://swc2017.aksw.org/task2/dataset/3863191,1,2,8
http://swc2017.aksw.org/task2/dataset/3863765,1,1,3
http://swc2017.aksw.org/task2/dataset/3864302,1,3,704
http://swc2017.aksw.org/task2/dataset/3865059,1,1,10
http://swc2017.aksw.org/task2/dataset/3865261,0,0,108
http://swc2017.aksw.org/task2/dataset/3865345,0,0,1411
http://swc2017.aksw.org/task2/dataset/3865477,0,2,885
http://swc2017.aksw.org/task2/dataset/3865560,0,0,4
http://swc2017.aksw.org/task2/dataset/3866281,1,1,25
http://swc2017.aksw.org/task2/dataset/3866739,0,2,1276
http://swc2017.aksw.org/task2/dataset/3867289,1,1,5
http://swc2017.aksw.org/task2/dataset/3867301,1,1,67
http://swc2017.aksw.org/task2/dataset/3867375,0,1,10
http://swc2017.aksw.org/task2/dataset/3868828,1,1,616
http://swc2017.aksw.org/task2/dataset/3868879,0,2,0
http://swc2017.aksw.org/task2/dataset/3869395,1,1,7074
http://swc2017.aksw.org/task2/dataset/3869717,0,0,32
http://swc2017.aksw.org/task2/dataset/3869804,1,1,453
http://swc2017.aksw.org/task2/dataset/3869899,1,1,24
http://swc2017.aksw.org/task2/dataset/3870776,1,1,259
http://swc2017.aksw.org/task2/dataset/3871150,1,2,2
http://swc2017.aksw.org/task2/dataset/3871151,1,1,6289
http://swc2017.aksw.org/task2/dataset/3871387,0,3,38
http://swc2017.aksw.org/task2/dataset/3871504,0,0,97
http://swc2017.aksw.org/task2/dataset/3871761,0,1,1409
http://swc2017.aksw.org/task2/dataset/3871849,0,0,7074
http://swc2017.aksw.org/task2/dataset/3871866,0,0,0
http://swc2017.aksw.org/task2/dataset/3872021,1,2,1484
http://swc2017.aksw.org/task2/dataset/3872449,0,0,40
http://swc2017.aksw.org/task2/dataset/3872731,1,2,3252
http://swc2017.aksw.org/task2/dataset/3873260,1,1,78
http://swc2017.aksw.org/task2/dataset/3873338,0,0,42
http://swc2017.aksw.org/task2/dataset/3873655,1,2,1847
http://swc2017.aksw.org/task2/dataset/3873854,0,1,137
http://swc2017.aksw.org/task2/dataset/3873928,1,1,6289
http://swc2017.aksw.org/task2/dataset/3873964,0,3,58
http://swc2017.aksw.org/task2/dataset/3874428,0,1,16
http://swc2017.aksw.org/task2/dataset/3874495,0,2,12665
http://swc2017.aksw.org/task2/dataset/3874945,0,3,554
http://swc2017.aksw.org/task2/dataset/3875374,1,1,2
http://swc2017.aksw.org/task2/dataset/3875984,1,2,769
http://swc2017.aksw.org/task2/dataset/3876473,0,2,6
http://swc2017.aksw.org/task2/dataset/3876563,1,1,520
http://swc2017.aksw.org/task2/dataset/3877091,0,0,1342
http://swc2017.aksw.org/task2/dataset/3878297,1,1,634
http://swc2017.aksw.org/task2/dataset/3878610,0,0,1
http://swc2017.aksw.org/task2/dataset/3878722,1,2,768
http://swc2017.aksw.org/task2/dataset/3878805,1,2,341
http://swc2017.aksw.org/task2/dataset/3879430,0,0,0
http://swc2017.aksw.org/task2/dataset/3879903,1,1,316
http://swc2017.aksw.org/task2/dataset/3880159,0,0,473
http://swc2017.aksw.org/task2/dataset/3880519,1,1,354
http://swc2017.aksw.org/task2/dataset/3880819,1,1,104
http://swc2017.aksw.org/task2/dataset/3881058,1,3,93
http://swc2017.aksw.org/task2/dataset/3881597,1,2,1887
http://swc2017.aksw.org/task2/dataset/3881789,0,0,1396
http://swc2017.aksw.org/task2/dataset/3882022,0,0,1409
http://swc2017.aksw.org/task2/dataset/3882136,0,2,0
http://swc2017.aksw.org/task2/dataset/3882344,1,3,812
http://swc2017.aksw.org/task2/dataset/3883128,1,1,312
http://swc2017.aksw.org/task2/dataset/3883420,0,0,1736
http://swc2017.aksw.org/task2/dataset/3883768,1,2,374
http://swc2017.aksw.org/task2/dataset/3884406,1,1,86
http://swc2017.aksw.org/task2/dataset/3884543,0,0,113
http://swc2017.aksw.org/task2/dataset/3884788,0,0,0
http://swc2017.aksw.org/task2/dataset/3885110,1,1,5876
http://swc2017.aksw.org/task2/dataset/3885118,1,2,2
http://swc2017.aksw.org/task2/dataset/3885157,0,1,12666
http://swc2017.aksw.org/task2/dataset/3885261,1,2,468
http://swc2017.aksw.org/task2/dataset/3885279,0,0,9677
http://swc2017.aksw.org/task2/dataset/3885695,1,1,219
http://swc2017.aksw.org/task2/dataset/3886642,0,0,2667
http://swc2017.aksw.org/task2/dataset/3887440,1,1,5
http://swc2017.aksw.org/task2/dataset/3887480,0,0,5876
http://swc2017.aksw.org/task2/dataset/3887937,1,2,1228
http://swc2017.aksw.org/task2/dataset/3888348,1,1,479
http://swc2017.aksw.org/task2/dataset/3889326,1,1,355
http://swc2017.aksw.org/task2/dataset/3889359,0,0,39
http://swc2017.aksw.org/task2/dataset/3889808,1,2,246
http://swc2017.aksw.org/task2/dataset/3890182,0,0,0
http://swc2017.aksw.org/task2/dataset/3890323,0,0,0
http://swc2017.aksw.org/task2/dataset/3890597,0,3,1884
http://swc2017.aksw.org/task2/dataset/3891785,1,2,20
http://swc2017.aksw.org/task2/dataset/3892327,0,0,0
http://swc2017.aksw.org/task2/dataset/3892429,1,1,70
http://swc2017.aksw.org/task2/dataset/3892550,1,2,5192
http://swc2017.aksw.org/task2/dataset/3892571,1,1,514
http://swc2017.aksw.org/task2/dataset/3893398,0,0,248
http://swc2017.aksw.org/task2/dataset/3893820,1,1,715
http://swc2017.aksw.org/task2/dataset/3893917,0,1,0
http://swc2017.aksw.org/task2/dataset/3894220,0,0,9677
http://swc2017.aksw.org/task2/dataset/3894955,0,1,9
http://swc2017.aksw.org/task2/dataset/3895277,0,0,2761
http://swc2017.aksw.org/task2/dataset/3897190,0,0,3
http://swc2017.aksw.org/task2/dataset/3897442,0,0,2181
http://swc2017.aksw.org/task2/dataset/3897902,1,2,1004
http://swc2017.aksw.org/task2/dataset/3898009,0,0,965
http://swc2017.aksw.org/task2/dataset/3898161,0,3,694
http://swc2017.aksw.org/task2/dataset/3898407,1,1,1
http://swc2017.aksw.org/task2/dataset/3898410,1,1,655
http://swc2017.aksw.org/task2/dataset/3898745,1,1,54
http://swc2017.aksw.org/task2/dataset/3899194,1,1,15
http://swc2017.aksw.org/task2/dataset/3899374,1,2,2181
http://swc2017.aksw.org/task2/dataset/3899449,1,1,601
http://swc2017.aksw.org/task2/dataset/4300716,0,0,1
http://swc2017.aksw.org/task2/dataset/4301615,0,0,1
http://swc2017.aksw.org/task2/dataset/4301735,0,0,0
http://swc2017.aksw.org/task2/dataset/4303330,0,0,0
http://swc2017.aksw.org/task2/dataset/4303506,0,0,0
http://swc2017.aksw.org/task2/dataset/4303508,0,0,0
http://swc2017.aksw.org/task2/dataset/4303953,0,0,0
http://swc2017.aksw.org/task2/dataset/4306154,0,0,0
http://swc2017.aksw.org/task2/dataset/4310255,0,0,0
http://swc2017.aksw.org/task2/dataset/4310398,0,0,1
http://swc2017.aksw.org/task2/dataset/4310519,0,0,0
http://swc2017.aksw.org/task2/dataset/4310804,0,0,0
http://swc2017.aksw.org/task2/dataset/4311240,0,0,0
http://swc2017.aksw.org/task2/dataset/4311330,0,0,0
http://swc2017.aksw.org/task2/dataset/4311411,0,0,0
http://swc2017.aksw.org/task2/dataset/4311543,0,0,0
http://swc2017.aksw.org/task2/dataset/4311964,0,0,0
http://swc2017.aksw.org/task2/dataset/4312487,0,0,0
http://swc2017.aksw.org/task2/dataset/4312757,0,0,3
http://swc2017.aksw.org/task2/dataset/4313070,0,0,0
http://swc2017.aksw.org/task2/dataset/4313151,0,0,0
http://swc2017.aksw.org/task2/dataset/4313791,0,0,1
http://swc2017.aksw.org/task2/dataset/4313899,0,0,3
http://swc2017.aksw.org/task2/dataset/4313973,0,0,0
http://swc2017.aksw.org/task2/dataset/4314280,0,0,0
http://swc2017.aksw.org/task2/dataset/4314325,0,0,0
http://swc2017.aksw.org/task2/dataset/4314514,0,0,0
http://swc2017.aksw.org/task2/dataset/4315118,0,0,0
http://swc2017.aksw.org/task2/dataset/4315164,0,0,0
http://swc2017.aksw.org/task2/dataset/4315590,0,0,1
http://swc2017.aksw.org/task2/dataset/4315744,0,0,0
http://swc2017.aksw.org/task2/dataset/4316465,0,0,0
http://swc2017.aksw.org/task2/dataset/4317268,0,0,0
http://swc2017.aksw.org/task2/dataset/4317993,0,0,0
http://swc2017.aksw.org/task2/dataset/4318261,0,0,1
http://swc2017.aksw.org/task2/dataset/4318709,0,0,0
http://swc2017.aksw.org/task2/dataset/4318968,0,0,0
http://swc2017.aksw.org/task2/dataset/4319638,0,0,1
http://swc2017.aksw.org/task2/dataset/4320274,0,0,1
http://swc2017.aksw.org/task2/dataset/4320323,0,0,0
http://swc2017.aksw.org/task2/dataset/4320332,0,0,0
http://swc2017.aksw.org/task2/dataset/4321085,0,0,0
http://swc2017.aksw.org/task2/dataset/4321205,0,0,1
http://swc2017.aksw.org/task2/dataset/4321254,0,0,0
http://swc2017.aksw.org/task2/dataset/4321384,0,0,1
http://swc2017.aksw.org/task2/dataset/4323617,0,0,0
http://swc2017.aksw.org/task2/dataset/4325429,0,0,0
http://swc2017.aksw.org/task2/dataset/4325997,0,0,0
http://swc2017.aksw.org/task2/dataset/4327195,0,0,0
http://swc2017.aksw.org/task2/dataset/4328591,0,0,1
http://swc2017.aksw.org/task2/dataset/4329088,0,0,0
http://swc2017.aksw.org/task2/dataset/4330489,0,0,0
http://swc2017.aksw.org/task2/dataset/4330588,0,0,1
http://swc2017.aksw.org/task2/dataset/4330918,0,0,1
http://swc2017.aksw.org/task2/dataset/4330979,0,0,1
http://swc2017.aksw.org/task2/dataset/4331510,0,0,0
http://swc2017.aksw.org/task2/dataset/4333472,0,0,0
http://swc2017.aksw.org/task2/dataset/4333788,0,0,1
http://swc2017.aksw.org/task2/dataset/4333956,0,0,0
http://swc2017.aksw.org/task2/dataset/4335327,0,0,0
http://swc2017.aksw.org/task2/dataset/4336902,0,0,0
http://swc2017.aksw.org/task2/dataset/4338306,0,0,0
http://swc2017.aksw.org/task2/dataset/4339002,0,0,0
http://swc2017.aksw.org/task2/dataset/4339077,0,0,0
http://swc2017.aksw.org/task2/dataset/4340842,0,0,1
http://swc2017.aksw.org/task2/dataset/4341146,0,0,0
http://swc2017.aksw.org/task2/dataset/4341625,0,0,0
http://swc2017.aksw.org/task2/dataset/4341786,0,0,0
http://swc2017.aksw.org/task2/dataset/4343776,0,0,0
http://swc2017.aksw.org/task2/dataset/4346351,0,0,0
http://swc2017.aksw.org/task2/dataset/4350039,0,0,0
http://swc2017.aksw.org/task2/dataset/4351387,0,0,0
http://swc2017.aksw.org/task2/dataset/4351652,0,0,0
http://swc2017.aksw.org/task2/dataset/4353468,0,0,1
http://swc2017.aksw.org/task2/dataset/4354244,0,0,0
http://swc2017.aksw.org/task2/dataset/4359309,0,0,0
http://swc2017.aksw.org/task2/dataset/4359806,0,0,0
http://swc2017.aksw.org/task2/dataset/4360640,0,0,0
http://swc2017.aksw.org/task2/dataset/4361395,0,0,0
http://swc2017.aksw.org/task2/dataset/4362479,0,0,0
http://swc2017.aksw.org/task2/dataset/4364119,0,0,1
http://swc2017.aksw.org/task2/dataset/4365919,0,0,0
http://swc2017.aksw.org/task2/dataset/4366703,0,0,0
http://swc2017.aksw.org/task2/dataset/4366996,0,0,0
http://swc2017.aksw.org/task2/dataset/4368180,0,0,1
http://swc2017.aksw.org/task2/dataset/4368220,0,0,0
http://swc2017.aksw.org/task2/dataset/4369111,0,0,0
http://swc2017.aksw.org/task2/dataset/4369139,0,0,0
http://swc2017.aksw.org/task2/dataset/4369308,0,0,0
http://swc2017.aksw.org/task2/dataset/4372925,0,0,1
http://swc2017.aksw.org/task2/dataset/4375480,0,0,3
http://swc2017.aksw.org/task2/dataset/4376110,0,0,0
http://swc2017.aksw.org/task2/dataset/4376417,0,0,0
http://swc2017.aksw.org/task2/dataset/4379388,0,0,0
http://swc2017.aksw.org/task2/dataset/4379816,0,0,0
http://swc2017.aksw.org/task2/dataset/4379927,0,0,0
http://swc2017.aksw.org/task2/dataset/4379929,0,0,0
http://swc2017.aksw.org/task2/dataset/4381032,0,0,3
http://swc2017.aksw.org/task2/dataset/4381768,0,0,0
http://swc2017.aksw.org/task2/dataset/4383287,0,0,0
http://swc2017.aksw.org/task2/dataset/4384080,0,0,0
http://swc2017.aksw.org/task2/dataset/4384330,0,0,0
http://swc2017.aksw.org/task2/dataset/4385440,0,0,0
http://swc2017.aksw.org/task2/dataset/4386512,0,0,0
http://swc2017.aksw.org/task2/dataset/4388803,0,0,0
http://swc2017.aksw.org/task2/dataset/4389834,0,0,0
http://swc2017.aksw.org/task2/dataset/4390604,0,0,3
http://swc2017.aksw.org/task2/dataset/4390665,0,0,0
http://swc2017.aksw.org/task2/dataset/4391108,0,0,3
http://swc2017.aksw.org/task2/dataset/4392620,0,0,1
http://swc2017.aksw.org/task2/dataset/4392731,0,0,0
http://swc2017.aksw.org/task2/dataset/4395186,0,0,0
http://swc2017.aksw.org/task2/dataset/4395836,0,0,0
http://swc2017.aksw.org/task2/dataset/4396066,0,0,0
http://swc2017.aksw.org/task2/dataset/4396222,0,0,0
http://swc2017.aksw.org/task2/dataset/4396639,0,0,3
http://swc2017.aksw.org/task2/dataset/4398034,0,0,1
http://swc2017.aksw.org/task2/dataset/4398489,0,0,0
